timestamp_ms,ax_g,ay_g,az_g,temp_c
535,0.000,0.000,1.000,23.50
1039,0.000,0.000,1.000,23.50
1543,0.000,0.000,1.000,23.50
2047,0.000,0.000,1.000,23.50
2551,0.000,0.000,1.000,23.50
3055,0.000,0.000,1.000,23.50
3559,0.000,0.000,1.000,23.50
4063,0.000,0.000,1.000,23.50
4567,0.000,0.000,1.000,23.50
5071,0.000,0.000,1.000,23.50
5575,0.000,0.000,1.000,23.50
6079,0.000,0.000,1.000,23.50
6583,0.000,0.000,1.000,23.50
7087,0.000,0.000,1.000,58.00
7591,0.000,0.000,1.000,73.00
8095,0.000,0.000,1.000,73.00
8599,0.000,0.000,1.000,73.00
9103,0.000,0.000,1.000,73.00
9607,0.000,0.000,1.000,73.00
10111,0.000,0.000,1.000,73.00
10615,0.000,0.000,1.000,73.00
11119,0.000,0.000,1.000,73.00
11623,0.000,0.000,1.000,73.00
12127,0.000,0.000,1.000,73.00
12631,0.000,0.000,1.000,73.00
13135,0.000,0.000,1.000,73.00
13639,0.000,0.000,1.000,73.00
14143,0.000,0.000,1.000,73.00
14647,0.000,0.000,1.000,73.00
15151,0.000,0.000,1.000,73.00
15655,0.000,0.000,1.000,73.00
16159,0.000,0.000,1.000,73.00
16663,0.000,0.000,1.000,73.00
17167,0.000,0.000,1.000,73.00
17671,0.000,0.000,1.000,73.00
18175,0.000,0.000,1.000,73.00
18679,0.000,0.000,1.000,73.00
19183,0.000,0.000,1.000,73.00
19687,0.000,0.000,1.000,73.00
20191,0.000,0.000,1.000,73.00
20695,0.000,0.000,1.000,73.00
21199,0.000,0.000,1.000,73.00
21703,0.000,0.000,1.000,73.00
22207,0.000,0.000,1.000,73.00
22711,0.000,0.000,1.000,73.00
23215,0.000,0.000,1.000,73.00
23719,0.000,0.000,1.000,73.00
24223,0.000,0.000,1.000,73.00
24727,0.000,0.000,1.000,73.00
25231,0.000,0.000,1.000,73.00
25735,0.000,0.000,1.000,73.00
26239,0.000,0.000,1.000,73.00
26743,0.000,0.000,1.000,73.00
27247,0.000,0.000,1.000,73.00
27751,0.000,0.000,1.000,73.00
28255,0.000,0.000,1.000,73.00
28759,0.000,0.000,1.000,73.00
29263,0.000,0.000,1.000,73.00
29767,0.000,0.000,1.000,73.00
30271,0.000,0.000,1.000,73.00
30775,0.000,0.000,1.000,73.00
31279,0.000,0.000,1.000,73.00
31783,0.000,0.000,1.000,-22.50
32287,0.000,0.000,1.000,-24.30
32791,0.000,0.000,1.000,-24.30
33295,0.000,0.000,1.000,-24.30
33799,0.000,0.000,1.000,-24.30
34303,0.000,0.000,1.000,-24.30
34807,0.000,0.000,1.000,-24.30
35311,0.000,0.000,1.000,-24.30
35815,0.000,0.000,1.000,-24.30
36319,0.000,0.000,1.000,-24.30
36823,0.000,0.000,1.000,-24.30
37327,0.000,0.000,1.000,-24.30
37831,0.000,1.100,1.000,-24.30
38335,0.000,1.100,1.000,-24.30
38839,0.000,1.100,1.000,-24.30
39343,0.000,1.100,1.000,-24.30
39847,0.000,1.100,1.000,-24.30
40351,0.000,1.100,1.000,-24.30
40855,0.000,0.050,1.000,-24.30
41359,0.000,-0.100,1.000,-24.30
41863,0.000,-0.100,1.000,-24.30
42367,0.000,-0.100,1.000,-24.30
42871,0.000,-0.200,1.000,-24.30
43375,0.000,-0.200,1.000,-24.30
43879,0.000,-0.350,1.000,-24.30
44383,0.000,0.050,1.000,-24.30
44887,0.000,0.000,1.000,-24.30
45391,0.000,-0.050,1.000,-24.30
45895,0.000,-0.050,1.000,-24.30
46399,0.000,-0.050,1.000,-24.30
46903,0.000,-0.050,1.000,-24.30
47407,0.000,-0.050,1.000,-24.30
47911,0.000,-0.050,1.000,-24.30
48415,0.000,-0.050,1.000,-24.30
48919,0.000,-0.050,1.000,-1.30
49423,0.000,-0.050,1.000,-1.30
49927,0.000,-0.050,1.000,-1.30
50431,0.000,-0.050,1.000,-1.30
50935,0.000,-0.050,1.000,-1.30
51439,0.000,-0.050,1.000,-1.30
51943,0.000,0.000,1.000,-1.30
52447,0.000,0.000,1.000,-1.30
52951,0.000,0.000,1.000,-1.30
53455,0.000,0.000,1.000,-1.30
53959,0.000,0.000,1.000,-1.30
54463,0.000,0.000,1.000,-1.30
54967,1.200,0.000,1.000,-1.30
55471,1.200,0.000,1.000,-1.30
55975,1.200,0.000,1.000,-1.30
56479,1.200,0.000,1.000,-1.30
56983,1.200,0.000,1.000,-1.30
57487,1.200,0.000,1.000,-1.30
57991,1.200,0.000,1.000,-1.30
58495,1.200,0.000,1.000,-1.30
58999,0.550,0.000,1.000,-1.30
59503,0.150,0.000,1.000,-1.30
60007,0.050,0.000,1.000,-1.30
60511,-0.050,0.000,1.000,-1.30
61015,0.100,0.000,1.000,-1.30
61519,0.100,0.000,1.000,-1.30
62023,0.100,0.000,1.000,-1.30
62527,0.100,0.000,1.000,-1.30
63031,0.100,0.000,1.000,-1.30
63535,0.100,0.000,1.000,-1.30
64039,0.050,0.000,1.000,-1.30
64543,0.100,0.000,1.000,-1.30
65047,0.050,0.000,1.000,-1.30
65551,-0.050,0.000,1.000,-1.30
66055,-0.050,0.000,1.000,-1.30
66559,0.100,0.000,1.000,-1.30
67063,0.050,0.000,1.000,-1.30
67567,0.050,0.000,1.000,-1.30
68071,0.050,0.000,1.000,-1.30
68575,0.050,0.000,1.000,-1.30
69079,0.050,0.000,1.000,-1.30
69583,0.050,0.000,1.000,-1.30